timestamp,co2_ppm,rh_pct,temp_in_c,temp_out_c,light_lux,presence,co2_age_min,rh_age_min,temp_in_age_min,temp_out_age_min,light_age_min
2020-05-01 16:00:00,551.44,42.82,21.17,6.99,5.42,0,2.85,0.18,2.18,6.2,0.5
2020-05-01 17:00:00,692.59,41.62,21.63,6.95,1.17,1,9.32,12.98,5.48,2.58,49.98
2020-05-01 18:00:00,763.96,39.67,22.64,7.14,2.1,1,4.62,11.28,22.12,62.58,40.12
2020-05-01 19:00:00,618.19,39.8,22.05,7.16,0.0,1,0.57,8.4,13.08,20.47,100.12
2020-05-01 20:00:00,707.99,39.95,22.25,7.14,0.0,1,5.55,6.03,17.22,80.47,160.12
2020-05-01 21:00:00,703.57,38.75,22.41,7.06,0.0,1,0.33,0.5,41.18,40.55,220.12
2020-05-01 22:00:00,710.26,40.78,22.52,6.9,0.0,1,5.47,0.13,50.82,9.62,280.12
2020-05-01 23:00:00,667.25,38.33,22.52,6.71,0.0,1,1.6,0.42,12.93,26.18,340.12
2020-05-02 00:00:00,657.57,39.93,22.51,6.64,0.0,1,1.55,40.92,41.92,0.52,400.12
2020-05-02 01:00:00,666.6,39.9,22.54,6.85,0.0,1,2.52,0.02,101.92,5.22,460.12
2020-05-02 02:00:00,613.9,39.12,22.54,7.03,0.0,1,0.82,14.48,161.92,6.4,520.12
2020-05-02 03:00:00,656.75,38.37,22.54,7.01,0.0,1,1.28,6.95,221.92,6.57,580.12
2020-05-02 04:00:00,645.63,37.4,22.66,6.8,0.67,1,0.07,0.73,50.93,3.43,3.05
2020-05-02 05:00:00,576.23,36.02,22.68,7.45,19.37,0,3.7,55.73,2.87,16.32,2.18
2020-05-02 06:00:00,489.29,35.67,22.15,7.91,657.81,1,27.68,39.68,4.67,11.82,0.13
2020-05-02 07:00:00,504.93,35.77,21.66,8.52,409.09,1,5.8,18.63,1.12,0.22,0.27
2020-05-02 08:00:00,594.44,34.15,22.73,8.93,309.49,1,1.25,4.92,0.08,1.5,0.23
2020-05-02 09:00:00,603.35,33.1,23.64,9.65,523.79,1,7.55,8.22,4.88,2.33,0.35
2020-05-02 10:00:00,478.19,30.82,24.11,10.26,273.0,0,9.18,0.17,28.02,0.18,0.32
2020-05-02 11:00:00,456.48,30.0,24.16,11.02,239.08,0,33.15,59.17,88.02,2.48,0.45
2020-05-02 12:00:00,450.92,29.43,24.29,12.16,249.2,0,23.28,30.95,25.1,0.03,2.42
2020-05-02 13:00:00,448.87,29.0,24.23,12.47,104.54,0,29.25,90.95,2.05,0.15,0.03
2020-05-02 14:00:00,466.47,29.82,23.94,13.72,89.36,1,4.18,11.85,10.52,0.02,16.5
2020-05-02 15:00:00,532.23,29.73,23.62,13.98,58.87,1,14.17,28.33,30.33,0.02,21.13
2020-05-02 16:00:00,629.26,30.03,23.48,12.93,38.18,1,7.95,19.62,90.33,0.58,20.6
2020-05-02 17:00:00,644.49,33.58,23.46,11.86,20.67,1,1.92,0.9,9.57,2.62,31.73
2020-05-02 18:00:00,541.4,34.23,23.55,11.25,1.07,1,1.38,15.72,43.72,1.03,55.72
2020-05-02 19:00:00,540.5,32.8,23.42,10.0,0.0,1,21.52,1.17,4.0,3.32,115.72
2020-05-02 20:00:00,597.28,33.0,23.56,9.82,0.0,1,6.97,61.17,48.32,0.33,175.72
2020-05-02 21:00:00,599.45,33.25,23.53,9.16,0.0,1,2.92,7.08,30.27,1.12,235.72
2020-05-02 22:00:00,549.06,33.62,23.35,8.97,0.0,1,1.38,26.88,34.57,2.3,295.72
2020-05-02 23:00:00,583.49,34.93,23.22,8.82,0.0,1,10.35,22.18,94.57,22.95,355.72
2020-05-03 00:00:00,571.78,35.0,23.22,8.6,0.0,1,4.47,82.18,154.57,9.2,415.72
2020-05-03 01:00:00,564.52,35.0,23.11,8.13,0.0,1,24.45,142.18,54.95,6.33,475.72
2020-05-03 02:00:00,569.39,35.0,23.1,7.8,0.0,1,20.42,202.18,114.95,5.23,535.72
2020-05-03 03:00:00,559.47,35.27,23.1,8.0,0.0,1,1.37,0.03,174.95,7.75,595.72
2020-05-03 04:00:00,558.83,35.67,23.21,7.97,1.8,1,1.83,8.0,7.98,7.13,0.63
2020-05-03 05:00:00,473.59,34.47,22.63,8.07,307.84,1,47.82,19.13,13.78,1.25,3.27
2020-05-03 06:00:00,473.08,35.0,21.87,9.68,1287.03,1,8.93,79.13,19.75,5.12,0.72
2020-05-03 07:00:00,468.73,34.25,22.23,11.11,936.64,1,13.88,20.55,1.53,1.0,0.35
2020-05-03 08:00:00,480.53,31.68,23.2,11.97,737.79,1,1.85,18.85,0.0,0.32,5.32
2020-05-03 09:00:00,479.49,27.83,24.66,13.08,344.7,1,21.82,21.32,8.97,0.03,0.45
2020-05-03 10:00:00,448.91,25.63,25.35,13.65,326.44,0,22.78,39.12,6.77,0.07,4.92
2020-05-03 11:00:00,493.43,26.88,25.52,10.31,57.53,1,8.9,2.22,37.73,0.22,0.03
2020-05-03 12:00:00,581.94,30.0,25.54,11.48,150.54,1,1.52,62.22,34.7,0.57,0.67
2020-05-03 13:00:00,589.07,29.7,25.39,11.74,53.69,1,1.65,18.82,3.13,2.38,9.63
2020-05-03 14:00:00,498.33,29.08,24.81,11.16,65.78,1,1.27,20.78,0.77,0.05,4.25
2020-05-03 15:00:00,573.22,31.2,24.52,8.62,25.27,1,5.07,18.23,60.77,3.85,3.7
2020-05-03 16:00:00,549.44,32.83,24.75,9.06,44.67,1,4.03,0.18,3.68,0.1,19.85
2020-05-03 17:00:00,579.19,32.87,24.94,9.41,29.58,1,3.15,0.32,63.68,2.52,14.8
2020-05-03 18:00:00,541.35,33.18,24.45,9.52,0.85,1,1.78,1.78,3.43,2.13,56.78
2020-05-03 19:00:00,544.21,34.47,23.74,9.31,0.0,1,0.58,25.42,8.23,8.72,116.78
2020-05-03 20:00:00,581.31,34.98,23.65,8.49,0.0,1,2.88,0.53,16.37,11.98,176.78
2020-05-03 21:00:00,618.66,34.03,23.77,7.86,0.0,1,21.85,52.53,16.33,5.55,236.78
2020-05-03 22:00:00,587.18,34.25,23.78,6.87,0.0,1,12.8,14.47,36.47,3.58,296.78
2020-05-03 23:00:00,578.38,34.0,23.74,7.08,0.0,1,6.77,74.47,96.47,3.12,356.78
2020-05-04 00:00:00,584.08,34.0,23.74,6.45,0.0,1,4.72,134.47,156.47,3.42,416.78
2020-05-04 01:00:00,607.71,34.0,23.74,5.51,0.0,1,2.85,194.47,216.47,6.43,476.78
2020-05-04 02:00:00,560.47,33.88,23.74,4.98,0.0,0,13.82,0.13,276.47,1.02,536.78
2020-05-04 03:00:00,598.06,33.38,23.74,3.89,0.0,1,5.77,26.28,336.47,4.28,596.78
2020-05-04 04:00:00,616.18,33.3,23.71,5.2,0.0,1,8.07,39.25,15.4,1.45,656.78
2020-05-04 05:00:00,553.05,32.98,23.54,7.01,212.41,1,6.03,0.68,0.35,1.72,0.33
2020-05-04 06:00:00,471.84,33.92,21.99,9.02,770.5,1,53.02,36.67,1.82,1.7,0.45
2020-05-04 07:00:00,493.21,34.38,21.69,10.01,323.58,1,2.95,20.95,4.6,1.62,0.42
2020-05-04 08:00:00,585.14,33.87,22.94,11.07,268.75,1,2.75,15.92,5.57,2.38,0.05
2020-05-04 09:00:00,607.48,35.02,24.0,11.75,600.3,1,1.7,0.2,1.37,1.12,0.18
2020-05-04 10:00:00,606.86,34.78,25.08,7.31,77.26,1,1.67,0.0,17.17,1.38,0.13
2020-05-04 11:00:00,555.19,30.75,25.03,5.69,91.5,1,2.8,8.13,0.12,5.37,6.6
2020-05-04 12:00:00,606.84,31.0,25.35,5.22,20.0,1,11.77,68.13,39.1,0.17,66.6
2020-05-04 13:00:00,596.63,32.17,25.02,4.53,21.33,1,2.55,1.38,0.37,13.4,7.87
2020-05-04 14:00:00,566.76,33.57,23.84,4.94,51.12,1,0.52,6.67,1.67,1.98,1.32
2020-05-04 15:00:00,599.6,32.97,23.92,5.03,56.27,1,0.47,3.47,0.62,38.37,3.95
2020-05-04 16:00:00,502.52,31.48,24.13,4.66,26.67,1,25.45,1.58,6.25,0.55,55.43
2020-05-04 17:00:00,585.5,33.22,23.6,4.15,29.5,1,1.38,4.72,4.55,3.93,33.38
2020-05-04 18:00:00,572.11,32.82,24.14,3.53,6.3,1,3.7,8.18,1.35,16.85,45.02
2020-05-04 19:00:00,593.29,29.32,24.28,2.99,0.0,1,11.65,1.15,1.3,8.23,105.02
2020-05-04 20:00:00,502.75,27.63,24.17,2.6,1.83,1,1.78,5.95,24.28,8.62,4.58
2020-05-04 21:00:00,589.79,30.95,24.18,2.48,21.27,1,1.75,0.4,1.73,36.1,1.72
2020-05-04 22:00:00,615.69,30.92,24.37,2.65,0.0,1,1.7,2.87,8.37,1.87,61.72
2020-05-04 23:00:00,573.28,28.07,24.19,2.99,0.0,1,8.67,45.85,13.32,1.53,121.72
2020-05-05 00:00:00,565.8,27.25,24.04,3.25,0.0,1,1.62,28.3,33.97,5.43,181.72
2020-05-05 01:00:00,575.2,27.52,24.0,3.26,0.0,1,6.75,6.58,93.97,41.9,241.72
2020-05-05 02:00:00,572.98,27.15,23.95,3.43,0.0,1,1.72,18.55,30.05,19.43,301.72
2020-05-05 03:00:00,599.28,27.28,23.9,3.47,0.0,1,2.67,4.67,90.05,0.07,361.72
2020-05-05 04:00:00,577.0,27.07,23.84,3.39,3.42,1,1.63,1.63,35.48,10.55,0.93
2020-05-05 05:00:00,609.43,27.2,23.8,3.97,45.45,1,31.62,3.58,95.48,7.58,0.07
2020-05-05 06:00:00,588.97,28.13,23.8,4.98,49.85,1,13.72,8.38,155.48,6.97,4.53
2020-05-05 07:00:00,552.47,28.53,23.87,5.5,38.0,1,6.68,28.37,32.52,2.13,0.65
2020-05-05 08:00:00,467.75,28.38,23.67,6.23,54.43,0,40.17,22.32,12.97,12.68,1.78
2020-05-05 09:00:00,460.25,29.0,23.4,6.81,69.1,0,5.1,82.32,10.93,1.57,1.25
2020-05-05 10:00:00,459.32,29.02,23.24,8.65,158.8,0,10.07,10.4,31.57,0.02,6.87
2020-05-05 11:00:00,549.06,29.75,23.08,10.13,125.11,1,1.7,6.37,51.55,0.1,27.85
2020-05-05 12:00:00,485.28,29.0,22.96,10.94,71.98,0,22.67,66.37,2.47,1.05,0.45
2020-05-05 13:00:00,474.1,28.22,22.91,11.24,98.22,1,2.95,46.3,5.43,2.82,8.92
2020-05-05 14:00:00,503.27,25.8,23.25,11.67,59.98,0,15.92,37.6,5.4,1.48,13.55
2020-05-05 15:00:00,468.53,24.48,23.09,11.75,36.83,0,9.88,28.55,42.55,1.05,6.52
2020-05-05 16:00:00,459.95,23.88,23.06,11.33,28.0,0,9.83,4.33,102.55,19.33,66.52
2020-05-05 17:00:00,459.37,23.0,23.0,10.73,18.0,0,42.82,64.33,35.63,10.33,9.6
2020-05-05 18:00:00,552.82,23.53,23.0,9.77,0.0,1,3.58,10.25,5.73,4.13,69.6
2020-05-05 19:00:00,627.3,23.07,23.08,8.78,0.0,1,17.55,54.23,10.7,2.35,129.6
2020-05-05 20:00:00,617.84,23.47,23.0,8.06,0.0,1,1.67,18.35,7.67,19.07,189.6
2020-05-05 21:00:00,527.73,24.02,22.84,8.06,0.0,1,3.63,9.97,8.12,5.85,249.6
2020-05-05 22:00:00,611.11,24.52,22.7,7.64,0.0,1,8.6,0.27,21.27,2.85,309.6
2020-05-05 23:00:00,606.6,27.45,22.82,7.29,0.0,0,12.57,26.75,21.9,51.82,369.6
2020-05-06 00:00:00,629.95,28.6,22.9,7.09,0.0,1,6.53,10.53,81.9,39.62,429.6
2020-05-06 01:00:00,613.95,28.52,22.9,6.91,0.0,1,19.5,13.48,141.9,13.83,489.6
2020-05-06 02:00:00,677.32,28.95,22.9,6.33,0.33,1,4.62,25.47,201.9,1.62,1.58
2020-05-06 03:00:00,665.05,28.68,22.9,6.05,18.17,1,2.58,1.42,261.9,6.72,6.55
2020-05-06 04:00:00,645.4,28.13,22.94,6.5,66.45,1,2.87,0.2,27.22,0.8,6.18
2020-05-06 05:00:00,639.83,27.32,22.94,7.28,307.48,1,2.33,29.18,0.15,5.98,0.13
2020-05-06 06:00:00,551.75,24.98,23.78,8.48,1109.77,1,7.45,12.97,3.12,1.9,0.75
2020-05-06 07:00:00,513.23,23.65,25.1,10.06,791.84,0,13.58,25.93,13.42,1.05,0.22
2020-05-06 08:00:00,463.31,21.73,25.65,10.89,201.08,0,29.73,13.72,56.9,3.27,7.85
2020-05-06 09:00:00,454.35,20.9,25.61,11.09,340.42,0,13.85,5.68,6.83,0.6,0.82
2020-05-06 10:00:00,445.76,19.97,25.66,11.73,193.82,0,73.85,19.98,66.83,2.5,0.45
2020-05-06 11:00:00,515.33,21.23,25.56,12.24,216.72,1,0.77,29.12,59.8,0.72,1.9
2020-05-06 12:00:00,492.37,21.2,25.48,13.14,212.95,1,10.73,45.25,2.38,0.08,1.53
2020-05-06 13:00:00,467.89,21.33,25.24,15.22,123.5,0,20.72,9.2,17.87,0.18,5.0
2020-05-06 14:00:00,449.79,21.6,24.91,14.78,85.81,0,25.68,35.18,1.65,5.47,3.63
2020-05-06 15:00:00,454.72,22.0,24.62,13.85,56.12,0,85.68,95.18,15.12,4.03,13.6
2020-05-06 16:00:00,464.1,22.33,24.36,11.24,16.02,0,9.75,19.25,31.08,0.15,3.72
2020-05-06 17:00:00,530.54,24.18,24.33,10.18,17.5,1,16.05,11.72,19.03,2.1,4.85
2020-05-06 18:00:00,587.77,24.83,24.49,9.46,0.0,1,6.02,1.67,17.17,0.68,64.85
2020-05-06 19:00:00,613.1,23.92,24.52,10.03,14.35,1,1.97,29.48,21.13,13.82,40.3
2020-05-06 20:00:00,623.05,24.0,24.35,9.18,21.0,1,23.93,89.48,28.1,7.23,100.3
2020-05-06 21:00:00,620.17,24.03,24.35,8.41,18.9,1,0.88,0.22,3.55,30.05,5.03
2020-05-06 22:00:00,569.58,24.0,24.12,7.94,0.0,1,11.03,59.22,11.02,1.8,65.03
2020-05-06 23:00:00,592.11,24.0,23.97,7.26,0.0,1,6.98,119.22,51.5,15.35,125.03
2020-05-07 00:00:00,590.47,23.0,23.96,6.43,0.0,0,10.95,59.15,111.5,6.23,185.03
2020-05-07 01:00:00,585.23,22.75,23.96,5.48,0.0,1,6.9,11.07,171.5,20.48,245.03
2020-05-07 02:00:00,584.78,22.15,23.95,4.84,0.0,1,2.03,29.2,5.52,29.22,305.03
2020-05-07 03:00:00,577.24,21.65,23.84,4.41,0.0,1,6.0,0.82,65.52,33.87,365.03
2020-05-07 04:00:00,559.82,21.2,23.83,4.57,0.0,0,8.95,42.82,6.1,4.93,425.03
2020-05-07 05:00:00,558.84,21.0,23.75,5.37,34.04,1,3.9,102.82,4.07,3.5,4.88
2020-05-07 06:00:00,546.86,20.77,24.53,6.35,306.98,1,1.87,1.87,1.35,4.95,5.33
2020-05-07 07:00:00,484.75,21.08,25.05,7.23,278.32,1,21.18,23.85,11.0,2.13,2.97
2020-05-07 08:00:00,462.48,21.08,25.43,8.26,309.33,1,2.12,16.8,8.95,2.58,0.42
2020-05-07 09:00:00,448.0,20.05,25.45,8.91,225.23,1,62.12,3.08,8.08,0.07,0.05
2020-05-07 10:00:00,446.65,17.53,24.93,9.86,149.46,1,21.23,0.88,9.2,0.2,1.52
2020-05-07 11:00:00,455.86,17.78,24.7,10.57,57.63,1,20.18,0.85,16.02,0.07,5.65
2020-05-07 12:00:00,452.8,18.63,24.24,10.98,47.0,0,80.18,3.63,2.3,0.08,37.63
2020-05-07 13:00:00,450.13,18.85,23.66,11.18,39.33,1,6.1,0.6,13.77,0.42,21.75
2020-05-07 14:00:00,455.15,18.62,23.23,11.24,27.6,1,37.08,1.07,6.72,1.87,26.22
2020-05-07 15:00:00,451.19,19.27,23.04,11.14,21.0,0,5.2,0.02,24.7,1.83,86.22
2020-05-07 16:00:00,456.12,19.7,22.71,11.57,16.5,1,37.18,14.5,0.32,3.93,26.3
2020-05-07 17:00:00,478.82,20.05,22.86,11.32,25.35,1,0.12,35.63,11.28,3.63,4.42
2020-05-07 18:00:00,523.11,20.43,22.71,11.0,2.75,1,27.1,30.27,4.9,0.63,35.4
2020-05-07 19:00:00,471.59,20.2,22.78,8.81,0.0,1,3.22,10.38,12.03,14.83,95.4
2020-05-07 20:00:00,538.51,21.88,22.82,8.43,0.0,1,0.18,6.35,20.0,6.23,155.4
2020-05-07 21:00:00,590.37,23.0,22.86,7.68,0.0,1,13.15,66.35,11.97,1.12,215.4
2020-05-07 22:00:00,594.59,23.0,22.98,6.99,0.0,1,22.12,126.35,71.97,25.35,275.4
2020-05-07 23:00:00,589.54,23.45,23.05,6.52,0.0,1,3.07,23.23,39.9,8.7,335.4
2020-05-08 00:00:00,576.31,24.03,23.08,6.33,0.0,1,2.02,7.35,99.9,8.68,395.4
2020-05-08 01:00:00,614.73,26.53,23.11,5.75,0.0,1,2.15,42.0,18.65,23.58,455.4
2020-05-08 02:00:00,624.45,27.48,23.18,5.45,0.0,1,0.1,5.12,78.65,41.53,515.4
2020-05-08 03:00:00,602.9,27.78,23.18,5.62,1.33,1,3.07,18.08,138.65,1.13,7.88
2020-05-08 04:00:00,608.04,28.0,23.27,6.75,9.83,1,2.03,78.08,52.72,0.5,0.5
2020-05-08 05:00:00,564.58,27.72,23.31,8.13,96.27,1,15.0,0.83,1.98,0.95,0.97
2020-05-08 06:00:00,490.92,25.15,23.41,9.87,351.71,1,5.63,56.82,4.95,1.13,0.58
2020-05-08 07:00:00,474.75,25.22,23.9,10.62,295.43,1,4.58,0.58,2.4,0.13,0.55
2020-05-08 08:00:00,453.78,27.63,24.68,11.39,338.77,1,38.57,1.72,4.7,2.22,0.18
2020-05-08 09:00:00,444.66,28.17,25.43,10.75,238.83,1,0.5,1.0,9.83,0.75,1.15
2020-05-08 10:00:00,457.87,29.12,24.22,11.55,850.22,1,50.5,0.8,0.63,1.58,0.28
2020-05-08 11:00:00,514.1,28.5,24.2,13.52,391.05,1,18.62,0.27,2.42,0.4,0.23
2020-05-08 12:00:00,506.01,26.97,24.19,14.24,274.06,1,0.57,47.92,16.23,0.62,0.87
2020-05-08 13:00:00,515.36,26.82,24.28,14.57,149.25,1,10.55,8.2,37.22,0.73,2.83
2020-05-08 14:00:00,519.27,24.93,24.03,14.65,128.43,1,3.5,33.18,4.32,0.23,1.47
2020-05-08 15:00:00,544.06,25.77,24.1,14.1,78.66,1,0.45,8.28,13.62,1.33,1.93
2020-05-08 16:00:00,504.66,25.33,24.22,13.71,56.8,1,24.77,36.43,2.58,5.27,17.07
2020-05-08 17:00:00,461.08,25.13,23.99,13.55,30.1,0,0.72,2.72,12.72,8.73,5.52
2020-05-08 18:00:00,657.25,28.25,23.84,13.03,1.15,1,0.02,6.18,72.72,8.07,19.17
2020-05-08 19:00:00,510.22,27.0,23.67,12.37,0.0,1,25.83,66.18,18.82,0.4,79.17
2020-05-08 20:00:00,480.11,25.23,23.47,11.66,0.0,0,21.78,52.97,24.95,1.82,139.17
2020-05-08 21:00:00,463.97,25.0,23.4,10.85,5.5,0,1.73,1.23,1.4,8.57,14.22
2020-05-08 22:00:00,548.5,25.23,23.24,10.21,0.73,1,0.7,0.7,3.35,1.15,55.2
2020-05-08 23:00:00,543.78,26.97,23.02,9.38,0.0,0,8.83,53.52,38.33,0.78,115.2
2020-05-09 00:00:00,553.79,27.0,23.13,8.16,0.0,0,3.78,113.52,28.63,7.97,175.2
2020-05-09 01:00:00,561.2,25.57,23.18,6.73,0.0,1,1.75,37.93,88.63,2.37,235.2
2020-05-09 02:00:00,574.09,24.8,23.26,6.07,0.0,1,10.72,0.88,46.57,2.85,295.2
2020-05-09 03:00:00,566.13,24.08,23.28,5.81,0.0,1,4.67,44.87,106.57,8.28,355.2
2020-05-09 04:00:00,584.66,24.18,23.39,6.0,0.0,1,6.8,45.0,0.8,7.52,415.2
2020-05-09 05:00:00,567.55,23.42,23.32,7.05,21.0,1,8.77,13.1,0.75,1.1,14.08
2020-05-09 06:00:00,540.69,22.97,23.94,8.03,103.11,1,3.73,0.9,1.88,1.32,3.7
2020-05-09 07:00:00,482.99,23.45,23.33,9.14,197.77,1,5.7,22.87,3.52,0.75,1.83
2020-05-09 08:00:00,491.9,22.9,24.39,10.04,400.4,1,3.65,12.83,1.82,2.12,0.28
2020-05-09 09:00:00,477.45,22.8,25.11,10.42,252.61,0,14.78,1.45,3.6,2.32,2.42
2020-05-09 10:00:00,450.14,21.83,25.5,10.61,175.98,0,5.75,3.92,1.07,1.67,1.88
2020-05-09 11:00:00,450.46,21.43,25.62,11.57,80.33,0,56.75,1.87,3.03,2.23,3.02
2020-05-09 12:00:00,456.26,20.15,25.31,11.87,53.82,0,0.67,3.83,2.5,0.13,0.97
2020-05-09 13:00:00,477.31,19.3,24.95,12.85,96.46,1,10.65,0.3,43.98,0.03,2.1
2020-05-09 14:00:00,453.24,18.9,24.74,12.83,89.46,1,6.62,0.6,6.6,1.25,4.58
2020-05-09 15:00:00,465.81,18.9,24.25,11.24,43.43,1,10.73,0.9,3.22,0.2,8.2
2020-05-09 16:00:00,451.26,19.05,23.78,9.24,26.0,0,35.72,5.37,17.2,2.93,68.2
2020-05-09 17:00:00,457.01,20.1,23.43,8.33,22.17,0,0.65,19.33,16.83,3.15,22.13
2020-05-09 18:00:00,548.6,20.0,23.48,7.49,0.7,1,0.62,79.33,21.95,12.12,56.78
2020-05-09 19:00:00,563.58,21.08,23.33,6.53,0.0,1,1.57,5.57,0.07,13.58,116.78
2020-05-09 20:00:00,639.24,22.25,23.05,5.94,0.0,1,2.87,4.53,6.03,11.42,176.78
2020-05-09 21:00:00,527.53,24.77,22.6,5.61,0.0,1,0.33,9.33,6.33,2.63,236.78
2020-05-09 22:00:00,568.66,25.07,22.83,5.28,0.0,1,4.45,55.5,29.47,14.75,296.78
2020-05-09 23:00:00,609.46,25.6,23.01,5.28,0.0,1,0.58,7.25,14.25,74.75,356.78
2020-05-10 00:00:00,590.78,27.38,23.1,5.24,0.0,1,0.72,22.38,74.25,26.12,416.78
2020-05-10 01:00:00,597.05,28.72,23.14,5.21,0.0,1,1.67,2.33,25.68,0.7,476.78
2020-05-10 02:00:00,578.61,29.57,23.2,5.69,0.0,1,8.63,31.32,85.68,3.08,536.78
2020-05-10 03:00:00,591.49,30.42,23.2,7.01,0.0,1,14.6,11.6,145.68,5.85,596.78
2020-05-10 04:00:00,570.37,31.67,23.28,7.65,0.0,1,1.55,17.07,41.73,5.88,656.78
2020-05-10 05:00:00,598.07,33.53,23.35,8.33,24.12,1,4.52,31.03,1.02,5.1,0.32
2020-05-10 06:00:00,482.81,30.0,23.3,9.74,159.35,1,39.83,12.98,7.48,0.05,0.28
2020-05-10 07:00:00,466.66,29.57,23.13,12.04,208.26,1,5.78,24.8,21.45,13.0,4.42
2020-05-10 08:00:00,464.81,28.68,23.21,13.48,183.73,1,2.92,17.75,6.73,2.25,0.37
2020-05-10 09:00:00,466.55,27.77,23.65,14.94,170.47,0,11.88,23.05,4.7,0.42,0.5
2020-05-10 10:00:00,469.17,28.5,24.0,14.87,79.49,0,24.85,17.85,3.5,0.67,2.47
2020-05-10 11:00:00,468.8,29.22,24.32,15.76,48.24,0,84.85,1.8,9.45,3.75,4.6
2020-05-10 12:00:00,473.31,29.83,24.44,15.54,33.4,1,17.77,1.42,16.08,3.25,5.07
2020-05-10 13:00:00,459.24,30.55,24.34,14.77,31.22,1,57.75,4.22,48.23,0.12,1.68
2020-05-10 14:00:00,460.46,31.23,24.29,13.4,5.73,0,7.85,3.52,19.18,5.22,1.15
2020-05-10 15:00:00,470.72,33.3,24.16,12.42,2.67,0,67.85,5.48,28.65,0.97,32.8
2020-05-10 16:00:00,470.89,34.88,24.01,11.75,0.0,0,0.77,0.93,11.43,14.5,92.8
2020-05-10 17:00:00,469.54,35.52,23.8,11.1,0.0,0,14.75,0.73,7.07,3.72,152.8
2020-05-10 18:00:00,568.51,37.53,23.82,7.47,13.2,1,6.87,0.7,3.18,4.93,35.35
2020-05-10 19:00:00,571.69,34.65,23.52,4.96,22.0,1,1.83,1.65,2.65,1.48,95.35
2020-05-10 20:00:00,613.12,33.85,23.57,3.57,22.0,1,2.28,14.8,16.45,0.38,155.35
2020-05-10 21:00:00,584.7,31.52,23.57,2.22,22.0,1,25.27,5.75,23.42,0.67,215.35
2020-05-10 22:00:00,583.35,35.75,22.38,1.18,4.77,1,1.05,1.22,9.22,6.33,46.53
2020-05-10 23:00:00,721.1,34.15,22.44,1.08,0.0,1,1.85,6.52,34.35,1.88,106.53
2020-05-11 00:00:00,474.92,30.87,22.52,1.09,0.0,1,2.8,0.47,25.3,3.63,166.53
2020-05-11 01:00:00,478.5,30.12,22.35,1.17,0.0,1,1.77,6.43,9.43,0.27,226.53
2020-05-11 02:00:00,486.05,29.63,22.24,1.21,0.0,1,1.73,16.9,69.43,2.53,286.53
2020-05-11 03:00:00,482.66,28.6,22.17,0.78,0.0,1,7.7,11.02,42.37,22.1,346.53
2020-05-11 04:00:00,501.4,28.05,21.67,0.66,0.0,0,6.82,6.65,11.32,1.25,406.53
2020-05-11 05:00:00,483.14,27.42,21.96,1.47,41.6,1,0.78,7.45,14.62,1.55,0.92
2020-05-11 06:00:00,492.42,25.87,22.36,1.8,122.96,1,0.73,3.23,6.07,2.4,2.05
2020-05-11 07:00:00,485.19,23.98,23.18,2.49,163.64,1,0.7,0.2,0.37,1.63,0.0
2020-05-11 08:00:00,468.7,21.9,23.83,3.42,191.07,1,12.67,0.5,8.17,0.73,9.13
2020-05-11 09:00:00,451.33,19.25,24.47,4.67,207.6,0,9.8,0.12,6.62,1.05,2.58
2020-05-11 10:00:00,471.79,17.38,24.62,5.39,119.04,0,1.75,8.92,1.57,0.9,0.22
2020-05-11 11:00:00,482.04,16.57,24.26,6.38,48.43,0,0.72,1.7,13.05,5.68,1.68
2020-05-11 12:00:00,447.45,16.92,24.03,7.16,24.43,0,2.67,1.33,5.33,1.12,14.82
2020-05-11 13:00:00,451.74,16.2,23.53,7.38,19.4,1,5.8,2.63,5.63,0.13,16.27
2020-05-11 14:00:00,448.75,17.42,23.33,8.02,18.2,1,19.77,0.92,4.75,0.12,53.77
2020-05-11 15:00:00,453.41,16.85,22.95,8.07,15.88,0,1.72,0.38,9.88,2.0,3.35
2020-05-11 16:00:00,452.16,18.0,23.04,6.19,3.68,0,49.72,0.35,34.37,0.02,4.48
2020-05-11 17:00:00,464.0,19.97,23.02,5.48,0.0,1,59.68,58.33,15.3,8.88,59.98
2020-05-11 18:00:00,455.29,20.12,22.7,5.18,0.0,0,0.62,2.43,19.77,2.8,119.98
2020-05-11 19:00:00,486.83,21.07,22.67,4.54,0.0,0,5.73,53.93,4.73,4.9,179.98
2020-05-11 20:00:00,465.0,21.02,22.31,3.49,0.0,0,30.72,42.88,37.72,11.3,239.98
2020-05-11 21:00:00,506.52,21.65,22.25,3.3,5.5,0,0.67,13.83,24.33,3.65,10.63
2020-05-11 22:00:00,656.28,23.83,22.35,3.02,0.0,1,2.63,0.3,2.45,15.2,70.63
2020-05-11 23:00:00,673.19,29.0,22.77,2.79,0.0,1,0.93,1.1,54.62,27.65,130.63
2020-05-12 00:00:00,605.52,24.22,22.74,2.71,0.0,1,0.72,2.05,22.57,5.87,190.63
2020-05-12 01:00:00,668.29,25.63,22.7,2.27,0.0,1,14.68,0.02,9.52,19.5,250.63
2020-05-12 02:00:00,673.88,26.13,22.78,1.9,0.0,1,2.65,4.32,69.52,4.73,310.63
2020-05-12 03:00:00,673.93,25.53,22.78,2.15,0.0,1,5.62,25.12,129.52,5.3,370.63
2020-05-12 04:00:00,641.2,24.45,22.81,3.0,4.93,1,0.57,0.07,15.57,2.02,7.03
2020-05-12 05:00:00,610.74,23.07,22.97,4.14,355.66,1,0.7,2.03,2.53,0.78,0.67
2020-05-12 06:00:00,524.96,21.93,24.03,5.54,820.32,1,10.17,0.32,5.82,1.4,0.63
2020-05-12 07:00:00,472.46,21.2,24.93,6.78,663.17,1,12.13,2.28,4.28,2.42,0.25
2020-05-12 08:00:00,470.44,20.1,25.42,7.76,252.6,1,23.1,3.75,64.28,2.92,0.72
2020-05-12 09:00:00,465.6,19.63,25.51,7.83,101.05,1,0.2,0.53,9.7,4.57,2.35
2020-05-12 10:00:00,462.68,18.52,25.28,6.26,40.72,1,0.17,11.85,11.5,1.17,6.8
2020-05-12 11:00:00,485.01,20.87,25.03,5.25,72.93,1,0.13,0.8,2.78,3.45,0.43
2020-05-12 12:00:00,483.57,22.23,24.58,6.17,52.75,1,6.1,5.77,29.43,7.5,15.4
2020-05-12 13:00:00,515.09,23.7,24.21,5.14,3.77,1,0.07,0.22,44.42,3.63,47.38
2020-05-12 14:00:00,615.03,23.97,24.24,6.17,4.5,1,5.87,9.35,21.53,1.88,25.5
2020-05-12 15:00:00,606.77,22.98,24.23,6.4,0.0,1,3.82,31.0,6.48,3.77,85.5
2020-05-12 16:00:00,493.6,23.2,23.5,4.85,0.0,1,10.12,16.28,20.12,3.6,145.5
2020-05-12 17:00:00,464.77,23.2,23.2,4.56,5.0,0,48.12,0.23,8.9,0.08,11.72
2020-05-12 18:00:00,487.25,25.23,22.98,4.23,13.33,1,2.05,5.03,4.87,0.7,27.18
2020-05-12 19:00:00,465.88,24.13,23.16,3.72,0.5,1,3.02,31.02,4.0,9.2,42.65
2020-05-12 20:00:00,582.63,27.75,22.72,3.34,0.0,1,2.13,9.8,2.47,3.83,102.65
2020-05-12 21:00:00,670.98,28.8,22.81,2.61,0.0,1,0.1,3.75,39.45,1.25,162.65
2020-05-12 22:00:00,708.76,28.17,22.87,2.05,0.0,1,3.4,41.75,19.4,21.03,222.65
2020-05-12 23:00:00,667.06,27.87,22.96,2.03,0.0,1,1.35,2.52,14.85,9.5,282.65
2020-05-13 00:00:00,681.21,28.32,23.04,1.82,0.0,1,3.98,11.32,74.85,7.98,342.65
2020-05-13 01:00:00,659.29,28.62,23.04,1.88,0.0,1,5.62,1.27,134.85,11.37,402.65
2020-05-13 02:00:00,604.49,27.52,23.04,1.67,0.0,1,0.07,13.4,194.85,7.18,462.65
2020-05-13 03:00:00,696.1,28.0,23.14,1.3,0.0,1,2.03,73.4,47.22,2.37,522.65
2020-05-13 04:00:00,682.25,27.53,23.16,1.2,0.0,1,5.83,4.48,107.22,0.87,582.65
2020-05-13 05:00:00,683.75,27.18,23.16,1.13,1.5,1,1.95,0.45,167.22,2.98,4.25
2020-05-13 06:00:00,608.37,27.62,22.8,1.16,9.47,1,0.75,3.25,1.9,3.25,14.22
2020-05-13 07:00:00,647.72,29.12,22.92,1.1,9.53,1,3.03,0.03,2.7,2.08,11.85
2020-05-13 08:00:00,690.18,29.43,23.23,1.74,14.82,1,0.0,1.0,19.17,7.78,1.47
2020-05-13 09:00:00,675.78,29.12,23.39,1.43,5.88,1,3.97,7.63,30.15,0.95,3.93
2020-05-13 10:00:00,720.61,28.52,23.51,1.69,13.3,1,3.93,7.75,2.42,2.5,0.05
2020-05-13 11:00:00,535.09,27.38,23.59,2.19,34.8,1,3.72,37.23,1.38,2.85,0.52
2020-05-13 12:00:00,464.96,27.0,23.12,2.88,36.33,1,63.72,97.23,33.85,1.23,3.65
2020-05-13 13:00:00,464.96,27.02,23.03,3.77,26.63,0,123.72,0.13,18.82,0.73,8.6
2020-05-13 14:00:00,465.25,26.32,22.92,5.26,39.03,0,17.78,19.12,17.1,0.08,0.23
2020-05-13 15:00:00,465.92,26.73,22.72,5.46,26.9,1,77.78,51.42,35.58,11.6,27.22
2020-05-13 16:00:00,461.23,26.37,22.71,6.36,14.03,0,10.7,14.87,16.53,10.8,1.32
2020-05-13 17:00:00,467.84,24.98,22.66,6.56,4.2,1,70.7,47.85,48.5,21.17,13.78
2020-05-13 18:00:00,531.66,24.32,22.8,6.32,4.03,1,1.77,0.43,2.1,2.9,5.4
2020-05-13 19:00:00,570.93,24.17,22.1,5.21,23.0,1,5.73,7.07,14.23,2.0,65.4
2020-05-13 20:00:00,711.22,23.95,22.22,4.98,23.0,1,0.37,2.35,7.02,0.15,125.4
2020-05-13 21:00:00,707.48,23.3,22.43,3.84,17.25,1,1.48,21.33,15.82,15.58,14.97
2020-05-13 22:00:00,729.14,23.0,22.54,3.85,0.0,0,0.45,81.33,75.82,6.2,74.97
2020-05-13 23:00:00,723.4,23.7,22.54,3.41,0.0,1,1.42,15.42,135.82,5.47,134.97
2020-05-14 00:00:00,713.26,24.07,22.62,3.06,0.0,1,16.38,28.05,38.23,4.45,194.97
2020-05-14 01:00:00,653.75,23.62,22.66,2.99,0.0,1,0.17,3.67,98.23,0.12,254.97
2020-05-14 02:00:00,532.98,23.72,22.34,2.69,0.0,1,18.65,39.65,0.3,0.88,314.97
2020-05-14 03:00:00,471.13,24.0,20.76,2.58,0.0,1,18.62,99.65,0.1,4.7,374.97
2020-05-14 04:00:00,488.33,25.6,19.9,3.35,0.0,1,5.58,44.93,27.75,8.15,434.97
2020-05-14 05:00:00,475.91,25.0,20.04,4.5,44.44,1,3.7,104.93,87.75,3.63,0.33
2020-05-14 06:00:00,485.29,24.95,20.37,5.56,66.77,1,33.68,3.17,3.5,1.1,0.95
2020-05-14 07:00:00,481.82,23.88,21.32,6.42,554.27,1,0.63,0.63,25.47,2.07,0.43
2020-05-14 08:00:00,454.42,22.65,21.37,6.94,463.44,0,8.6,5.1,3.42,2.25,1.55
2020-05-14 09:00:00,467.65,22.37,22.04,7.43,403.53,1,0.55,1.55,1.05,2.37,0.52
2020-05-14 10:00:00,513.5,27.68,21.91,4.49,83.39,1,3.85,3.35,3.18,1.42,4.65
2020-05-14 11:00:00,603.96,29.53,23.02,5.78,188.81,1,1.82,0.15,1.97,0.47,5.1
2020-05-14 12:00:00,484.57,24.45,23.06,7.78,203.11,0,3.62,6.12,3.93,0.5,2.73
2020-05-14 13:00:00,467.56,23.27,22.73,7.94,147.43,1,0.58,32.1,44.43,0.65,1.2
2020-05-14 14:00:00,475.23,22.97,22.71,8.54,97.35,0,18.55,1.03,3.03,0.13,5.83
2020-05-14 15:00:00,467.17,22.73,22.47,9.05,69.02,0,5.67,2.0,27.0,0.38,2.45
2020-05-14 16:00:00,468.72,22.58,22.27,7.94,41.07,0,12.63,4.12,34.13,0.27,14.92
2020-05-14 17:00:00,464.76,22.4,22.08,7.81,28.17,0,0.58,18.1,19.92,1.2,0.05
2020-05-14 18:00:00,471.52,22.0,22.08,7.32,0.87,0,1.55,78.1,79.92,0.55,55.53
2020-05-14 19:00:00,476.8,22.6,22.08,5.84,0.0,0,61.55,34.03,1.0,10.93,115.53
2020-05-14 20:00:00,474.26,23.0,21.98,5.12,0.0,0,13.65,94.03,61.0,16.83,175.53
2020-05-14 21:00:00,471.72,23.45,21.88,5.08,0.0,0,0.6,17.95,58.97,5.2,235.53
2020-05-14 22:00:00,478.36,24.03,21.88,5.94,0.0,1,52.6,0.57,118.97,0.12,295.53
2020-05-14 23:00:00,473.28,24.75,21.45,5.42,0.0,1,35.55,5.68,4.85,7.07,355.53
2020-05-15 00:00:00,466.38,24.15,21.53,4.91,0.0,0,1.48,1.48,53.85,1.8,415.53
2020-05-15 01:00:00,468.55,25.03,21.54,4.18,0.0,1,6.62,18.45,113.85,12.38,475.53
2020-05-15 02:00:00,475.58,25.35,21.5,3.54,0.0,1,0.57,0.4,20.08,13.68,535.53
2020-05-15 03:00:00,492.13,25.85,21.3,3.58,7.17,1,0.53,2.2,57.9,8.38,42.35
2020-05-15 04:00:00,473.23,25.08,21.24,4.04,10.0,1,23.52,44.52,10.33,2.42,102.35
2020-05-15 05:00:00,466.88,25.0,20.84,4.95,151.86,1,83.52,104.52,23.13,0.83,0.08
2020-05-15 06:00:00,474.43,24.1,20.96,5.97,387.99,1,0.58,0.25,15.42,2.2,0.05
2020-05-15 07:00:00,517.22,22.03,21.44,7.38,279.4,1,11.05,0.72,2.7,1.1,3.68
2020-05-15 08:00:00,494.91,20.58,21.33,7.94,174.08,1,14.02,0.5,0.67,0.55,7.15
2020-05-15 09:00:00,490.31,21.7,22.07,9.24,118.31,1,0.97,0.13,16.3,2.63,3.77
2020-05-15 10:00:00,465.44,21.93,22.8,9.75,76.07,0,15.95,35.28,12.93,1.3,2.23
2020-05-15 11:00:00,459.46,21.95,22.91,10.35,66.89,0,13.07,15.23,4.88,5.17,8.87
2020-05-15 12:00:00,472.17,22.4,22.94,10.29,163.33,1,14.03,6.18,36.03,6.22,0.82
2020-05-15 13:00:00,490.62,22.2,23.2,10.69,148.94,1,10.0,0.15,21.82,2.1,2.45
2020-05-15 14:00:00,488.25,23.53,23.33,10.47,113.02,1,0.95,1.43,2.43,1.73,8.92
2020-05-15 15:00:00,603.05,27.23,23.41,9.83,76.4,1,1.58,29.25,11.4,0.1,13.05
2020-05-15 16:00:00,586.14,26.23,23.58,9.5,50.33,1,7.55,6.2,18.03,1.5,13.02
2020-05-15 17:00:00,594.53,25.2,23.83,8.59,22.67,1,6.5,3.17,42.85,0.78,3.13
2020-05-15 18:00:00,589.8,27.0,23.85,8.16,3.25,1,10.47,63.17,5.78,13.37,44.12
2020-05-15 19:00:00,584.41,27.0,23.76,7.91,0.0,1,0.42,123.17,65.78,0.23,104.12
2020-05-15 20:00:00,595.51,27.0,23.78,7.2,0.0,1,10.55,183.17,8.87,4.08,164.12
2020-05-15 21:00:00,509.65,26.17,23.6,6.69,0.0,1,7.5,22.18,1.98,13.17,224.12
2020-05-15 22:00:00,555.87,28.35,22.36,6.38,0.0,1,1.3,16.13,4.78,9.98,284.12
2020-05-15 23:00:00,652.67,29.2,22.26,6.08,0.0,1,2.92,1.08,19.75,2.55,344.12
2020-05-16 00:00:00,683.51,29.03,22.43,5.78,0.0,1,2.88,52.08,32.05,2.18,404.12
2020-05-16 01:00:00,688.94,29.4,22.56,5.56,0.0,1,1.02,23.18,48.53,12.72,464.12
2020-05-16 02:00:00,659.16,29.67,22.7,5.25,0.0,1,5.97,6.13,12.8,14.65,524.12
2020-05-16 03:00:00,622.51,29.43,22.82,5.01,0.0,1,0.93,8.1,21.77,1.72,584.12
2020-05-16 04:00:00,706.46,28.83,22.93,4.37,0.0,1,0.23,0.07,36.07,26.05,644.12
2020-05-16 05:00:00,656.78,28.23,23.01,3.99,14.1,1,0.35,3.35,1.02,0.42,0.15
2020-05-16 06:00:00,585.34,26.68,23.69,4.7,115.46,1,11.5,5.32,0.97,1.93,2.28
2020-05-16 07:00:00,564.64,24.07,24.49,5.86,154.61,1,8.62,9.62,1.77,0.35,0.73
2020-05-16 08:00:00,570.31,22.27,25.52,6.76,274.05,1,6.75,0.07,9.23,1.23,1.37
2020-05-16 09:00:00,521.56,20.67,26.04,7.91,287.39,1,34.72,0.03,25.03,0.72,0.33
2020-05-16 10:00:00,518.74,19.78,25.63,8.12,140.87,1,4.67,0.32,3.32,0.97,0.95
2020-05-16 11:00:00,439.94,16.8,24.77,8.92,74.26,1,16.63,29.8,13.78,1.9,2.92
2020-05-16 12:00:00,439.87,15.13,24.1,9.79,66.07,1,48.62,1.42,0.57,2.03,13.55
2020-05-16 13:00:00,445.37,17.03,24.17,9.61,47.47,1,18.72,1.53,1.03,1.0,22.52
2020-05-16 14:00:00,450.36,18.37,24.06,9.07,28.17,1,19.68,0.33,27.02,3.2,21.15
2020-05-16 15:00:00,446.03,18.68,23.96,9.2,22.5,1,9.63,0.3,6.3,2.77,50.13
2020-05-16 16:00:00,451.89,17.77,23.6,9.38,21.0,1,1.6,0.1,12.27,4.42,110.13
2020-05-16 17:00:00,450.86,17.33,23.22,8.97,12.15,1,3.55,1.05,23.73,6.28,10.18
2020-05-16 18:00:00,448.6,18.03,23.12,8.58,0.0,1,6.68,0.52,6.68,0.55,70.18
2020-05-16 19:00:00,492.75,19.5,23.1,7.9,0.0,1,6.65,37.0,12.32,4.92,130.18
2020-05-16 20:00:00,524.43,19.8,23.26,7.17,0.0,1,2.6,0.6,13.43,12.03,190.18
2020-05-16 21:00:00,549.49,19.63,23.06,6.59,0.0,1,7.57,2.73,16.9,3.47,250.18
2020-05-16 22:00:00,686.42,20.95,23.18,6.13,0.0,1,4.03,32.88,58.9,14.58,310.18
2020-05-16 23:00:00,652.84,21.4,23.18,6.09,0.0,1,2.17,17.5,118.9,36.87,370.18
2020-05-17 00:00:00,700.37,23.52,23.18,6.14,0.0,1,1.12,11.8,178.9,96.87,430.18
2020-05-17 01:00:00,653.66,24.52,23.22,6.11,0.0,1,0.08,8.75,24.92,12.25,490.18
2020-05-17 02:00:00,647.42,24.98,23.28,6.01,0.0,1,1.05,0.53,84.92,72.25,550.18
2020-05-17 03:00:00,613.47,25.6,23.28,6.01,0.0,1,0.0,23.35,144.92,132.25,610.18
2020-05-17 04:00:00,612.99,25.03,23.28,6.16,0.0,1,1.3,25.8,204.92,29.75,670.18
2020-05-17 05:00:00,578.2,24.23,23.43,6.55,46.55,1,7.27,19.77,0.92,1.3,6.4
2020-05-17 06:00:00,509.59,22.95,24.36,7.19,327.59,1,2.38,1.55,5.38,2.62,2.35
2020-05-17 07:00:00,481.37,21.82,25.01,7.95,446.63,1,2.35,0.02,3.18,0.13,1.48
2020-05-17 08:00:00,472.87,20.42,25.3,8.99,991.05,1,9.48,0.32,2.97,0.05,1.45
2020-05-17 09:00:00,438.52,18.33,24.7,9.52,780.84,1,4.62,0.27,6.62,2.8,2.08
2020-05-17 10:00:00,442.8,17.93,24.33,10.03,373.85,0,1.57,2.07,1.4,0.68,0.53
2020-05-17 11:00:00,477.33,17.65,24.94,10.14,393.76,1,4.53,27.03,4.35,2.03,2.17
2020-05-17 12:00:00,456.15,18.0,25.15,9.67,224.0,0,45.52,87.03,12.67,0.73,0.12
2020-05-17 13:00:00,446.93,17.25,25.38,10.45,183.46,0,31.48,10.97,10.47,2.58,0.77
2020-05-17 14:00:00,449.41,20.47,25.44,8.78,138.05,0,16.6,26.93,25.43,0.4,1.72
2020-05-17 15:00:00,463.66,21.02,25.31,8.84,69.57,1,33.57,0.53,6.7,1.63,12.85
2020-05-17 16:00:00,455.23,22.27,24.94,5.97,18.63,0,14.52,15.52,46.87,0.4,18.32
2020-05-17 17:00:00,456.96,23.0,25.0,5.35,43.27,0,74.52,75.52,45.83,1.15,8.95
2020-05-17 18:00:00,474.37,23.98,24.87,5.68,11.57,1,1.43,12.77,34.95,3.85,23.42
2020-05-17 19:00:00,507.94,24.32,23.71,5.23,0.0,1,23.25,10.73,4.9,1.97,83.42
2020-05-17 20:00:00,475.42,24.27,23.28,5.09,0.0,0,36.22,3.2,0.87,0.5,143.42
2020-05-17 21:00:00,578.71,30.38,21.84,4.69,11.73,1,0.33,4.17,4.82,4.1,24.65
2020-05-17 22:00:00,591.7,29.05,22.64,4.28,0.0,1,1.97,1.45,32.3,7.15,84.65
2020-05-17 23:00:00,722.2,29.0,22.83,4.23,0.0,0,9.93,61.45,9.43,19.3,144.65
2020-05-18 00:00:00,633.11,28.68,22.98,3.93,0.0,1,2.72,9.38,32.4,13.25,204.65
2020-05-18 01:00:00,580.79,26.93,23.23,3.8,0.0,1,18.2,25.7,30.03,45.4,264.65
2020-05-18 02:00:00,475.84,25.0,23.27,3.67,0.0,1,78.2,85.7,13.15,5.6,324.65
2020-05-18 03:00:00,473.51,25.03,23.09,3.66,0.0,1,6.28,6.93,5.1,2.3,384.65
2020-05-18 04:00:00,473.14,26.37,22.96,4.42,0.0,1,58.27,35.92,65.1,0.75,444.65
2020-05-18 05:00:00,472.96,27.0,22.95,6.11,36.52,1,118.27,95.92,0.85,2.32,18.0
2020-05-18 06:00:00,477.43,27.03,23.54,7.38,211.05,1,0.17,5.82,2.32,0.8,0.12
2020-05-18 07:00:00,468.58,25.07,24.37,8.33,872.82,0,7.63,7.12,0.78,0.27,0.08
2020-05-18 08:00:00,467.05,24.68,24.93,9.25,561.79,1,13.77,4.08,29.77,0.15,0.22
2020-05-18 09:00:00,456.98,24.12,25.0,10.06,516.39,0,13.73,4.88,89.77,0.13,1.67
2020-05-18 10:00:00,450.3,23.13,24.97,11.07,459.99,0,38.7,3.33,17.02,0.77,0.8
2020-05-18 11:00:00,461.26,22.67,24.84,11.81,329.36,0,57.68,1.3,3.3,0.52,1.27
2020-05-18 12:00:00,467.19,21.78,24.5,12.61,224.61,1,2.6,0.42,2.08,0.33,1.9
2020-05-18 13:00:00,450.84,21.65,23.91,12.26,98.98,0,0.73,28.9,17.57,0.27,0.35
2020-05-18 14:00:00,453.32,21.77,23.78,12.15,104.02,1,0.68,17.87,10.18,2.43,1.48
2020-05-18 15:00:00,463.4,22.95,23.56,10.48,61.3,0,3.65,9.82,12.98,1.7,14.95
2020-05-18 16:00:00,469.49,23.77,23.31,9.02,22.67,0,14.62,0.28,4.45,4.55,0.57
2020-05-18 17:00:00,467.93,25.92,23.05,8.63,21.15,1,10.58,0.57,7.73,1.37,10.05
2020-05-18 18:00:00,509.34,29.22,22.91,7.93,2.93,1,21.38,0.87,8.53,12.38,5.67
2020-05-18 19:00:00,500.47,26.02,23.36,7.44,0.18,1,18.35,3.5,1.65,43.2,58.17
2020-05-18 20:00:00,494.76,25.23,23.58,7.22,0.0,1,12.3,1.28,37.98,15.97,118.17
2020-05-18 21:00:00,488.83,26.85,23.74,6.91,0.0,1,12.43,6.25,58.95,0.3,178.17
2020-05-18 22:00:00,489.58,27.2,23.85,6.74,0.0,1,18.4,33.07,21.73,8.45,238.17
2020-05-18 23:00:00,474.88,27.47,23.94,6.6,0.0,1,78.4,21.02,81.73,22.85,298.17
2020-05-19 00:00:00,474.88,28.0,23.89,6.8,0.0,0,138.4,81.02,29.65,10.05,358.17
2020-05-19 01:00:00,474.88,28.0,23.84,6.59,0.0,1,198.4,141.02,89.65,23.83,418.17
2020-05-19 02:00:00,477.85,28.0,23.84,5.15,0.0,1,16.42,201.02,149.65,5.85,478.17
2020-05-19 03:00:00,480.26,28.0,23.84,4.61,0.0,1,43.4,261.02,0.7,3.62,538.17
2020-05-19 04:00:00,514.28,28.5,23.69,6.12,0.0,1,3.33,40.52,27.5,0.28,598.17
2020-05-19 05:00:00,477.86,28.0,23.82,7.76,38.32,1,4.3,100.52,0.45,5.45,0.08
2020-05-19 06:00:00,473.3,28.0,24.08,8.8,34.9,1,16.27,160.52,15.25,7.68,5.22
2020-05-19 07:00:00,466.88,28.0,24.38,9.99,21.33,0,76.27,220.52,30.73,3.18,33.2
2020-05-19 08:00:00,466.88,27.23,24.47,10.43,313.85,1,136.27,0.0,13.68,2.93,0.3
2020-05-19 09:00:00,466.88,27.37,24.48,11.11,542.27,1,196.27,1.8,23.65,2.73,0.27
2020-05-19 10:00:00,472.41,25.08,24.53,11.84,330.72,1,0.1,4.77,6.1,3.1,3.4
2020-05-19 11:00:00,485.58,25.57,24.32,12.11,349.17,1,5.07,0.23,0.72,0.17,2.37
2020-05-19 12:00:00,516.23,27.75,23.69,10.59,55.47,1,7.03,6.7,7.7,0.6,8.5
2020-05-19 13:00:00,495.53,26.25,24.32,9.63,49.17,1,2.98,8.65,50.68,3.42,5.95
2020-05-19 14:00:00,518.65,27.32,24.49,9.98,56.81,1,12.12,3.78,8.95,0.65,0.58
2020-05-19 15:00:00,494.14,27.35,24.36,9.22,47.95,1,6.08,0.73,4.9,2.25,3.53
2020-05-19 16:00:00,502.43,27.5,24.34,8.35,23.67,1,6.03,14.72,59.9,7.48,1.67
2020-05-19 17:00:00,512.07,27.72,24.18,8.35,12.83,1,6.0,42.68,11.83,6.67,4.63
2020-05-19 18:00:00,476.11,27.52,23.87,7.83,0.0,0,14.97,22.13,37.82,16.5,64.63
2020-05-19 19:00:00,460.8,27.28,23.73,6.91,0.0,0,74.97,16.27,12.58,6.6,124.63
2020-05-19 20:00:00,470.22,28.0,23.52,6.41,0.0,0,2.22,76.27,7.55,6.08,184.63
2020-05-19 21:00:00,568.45,28.62,23.21,6.43,0.0,1,0.85,33.2,21.68,5.05,244.63
2020-05-19 22:00:00,603.29,29.0,23.29,5.8,0.0,0,6.8,93.2,19.63,3.18,304.63
2020-05-19 23:00:00,615.89,29.75,23.4,4.87,0.0,1,16.77,1.93,17.1,1.83,364.63
2020-05-20 00:00:00,613.95,29.27,23.48,3.96,0.0,1,20.73,42.42,77.1,2.22,424.63
2020-05-20 01:00:00,618.46,28.73,23.48,3.66,0.0,1,2.68,5.35,137.1,4.22,484.63
2020-05-20 02:00:00,578.91,28.03,23.48,3.42,0.0,1,1.82,54.52,197.1,1.8,544.63
2020-05-20 03:00:00,596.27,28.12,23.48,3.82,0.0,1,3.78,37.47,257.1,4.0,604.63
2020-05-20 04:00:00,570.03,27.13,23.48,4.92,0.23,1,1.73,3.73,317.1,0.8,5.7
2020-05-20 05:00:00,592.53,26.97,23.54,6.3,634.19,1,0.7,0.2,0.37,1.3,0.83
2020-05-20 06:00:00,482.1,27.48,21.93,7.37,1760.15,1,19.67,4.98,0.82,0.9,0.3
2020-05-20 07:00:00,484.5,26.78,21.59,8.45,1189.44,1,4.8,17.63,2.12,2.15,0.42
2020-05-20 08:00:00,555.44,23.72,23.87,9.02,998.74,1,4.75,23.93,1.25,0.85,0.38
2020-05-20 09:00:00,566.47,21.67,25.44,10.03,807.75,1,1.72,4.38,3.87,1.43,0.02
2020-05-20 10:00:00,466.69,18.33,26.09,10.63,553.61,1,1.68,0.67,8.0,0.37,0.47
2020-05-20 11:00:00,562.5,19.43,26.04,10.9,263.55,1,1.13,8.82,35.98,2.73,0.6
2020-05-20 12:00:00,594.12,19.22,26.04,11.29,241.85,1,2.27,6.6,8.1,2.43,0.07
2020-05-20 13:00:00,480.83,20.07,26.09,11.91,171.64,1,3.23,0.9,13.07,0.13,4.2
2020-05-20 14:00:00,486.7,18.52,25.55,12.56,133.07,0,3.18,19.37,1.85,1.17,0.15
2020-05-20 15:00:00,601.45,17.2,25.14,12.05,89.84,1,17.15,2.32,61.85,1.73,7.28
2020-05-20 16:00:00,561.58,19.22,25.26,11.39,73.37,1,7.12,11.12,4.6,0.87,9.25
2020-05-20 17:00:00,481.49,20.97,25.11,9.79,48.17,1,39.1,2.4,11.07,4.18,10.37
2020-05-20 18:00:00,515.0,23.63,24.76,8.78,15.52,1,1.22,5.38,9.05,6.42,15.35
2020-05-20 19:00:00,473.09,22.87,23.82,7.91,0.0,0,9.85,2.83,0.33,1.72,75.35
2020-05-20 20:00:00,555.53,28.03,22.03,7.57,0.0,1,5.47,47.15,3.28,46.77,135.35
2020-05-20 21:00:00,623.37,28.38,23.1,7.42,0.0,1,0.92,0.58,1.25,4.97,195.35
2020-05-20 22:00:00,665.69,33.07,23.25,7.27,0.0,1,0.88,4.55,3.05,2.07,255.35
2020-05-20 23:00:00,624.17,29.02,23.01,7.21,0.0,1,0.85,51.55,36.2,17.8,315.35
2020-05-21 00:00:00,589.35,28.45,23.11,6.69,0.0,1,17.83,2.65,16.32,3.53,375.35
2020-05-21 01:00:00,586.2,28.92,23.21,5.86,0.0,1,4.95,53.63,19.45,19.67,435.35
2020-05-21 02:00:00,615.22,29.3,23.28,5.26,0.0,1,9.9,0.57,79.45,1.98,495.35
2020-05-21 03:00:00,587.19,29.02,23.35,5.65,0.0,1,0.87,52.57,3.53,7.1,555.35
2020-05-21 04:00:00,635.06,28.88,23.39,7.2,0.0,1,6.83,3.48,53.52,2.27,615.35
2020-05-21 05:00:00,585.39,24.45,23.38,9.33,39.88,1,2.12,18.8,0.78,6.0,7.92
2020-05-21 06:00:00,567.79,22.9,23.99,10.67,426.78,1,7.08,0.08,1.42,1.18,2.05
2020-05-21 07:00:00,462.78,20.67,24.64,11.44,994.84,0,6.05,19.05,1.03,1.15,0.52
2020-05-21 08:00:00,464.86,18.72,26.27,12.3,869.22,1,21.18,2.5,1.5,1.68,0.13
2020-05-21 09:00:00,466.52,17.0,27.08,12.95,643.69,0,19.13,62.5,11.8,3.58,0.1
2020-05-21 10:00:00,453.57,17.47,27.38,13.73,534.46,1,8.1,0.25,10.77,0.43,0.22
2020-05-21 11:00:00,455.78,19.58,27.28,14.59,316.77,1,44.08,1.22,1.72,0.27,7.7
2020-05-21 12:00:00,460.91,17.97,26.83,15.11,220.08,1,29.03,20.85,13.52,0.27,2.82
2020-05-21 13:00:00,542.81,18.25,26.23,15.35,6.87,1,4.82,14.82,23.48,0.75,53.82
2020-05-21 14:00:00,582.91,20.0,25.98,15.72,0.0,1,2.77,74.82,1.77,0.97,113.82
2020-05-21 15:00:00,552.93,20.0,25.64,15.27,13.83,1,6.9,3.23,2.73,1.65,8.87
2020-05-21 16:00:00,470.12,20.3,24.29,13.29,33.25,1,2.87,10.2,7.87,5.88,17.02
2020-05-21 17:00:00,581.66,21.0,24.14,12.21,22.5,1,2.83,70.2,3.5,2.53,14.47
2020-05-21 18:00:00,585.08,20.75,24.29,11.1,4.75,1,0.78,13.3,0.45,5.48,40.95
2020-05-21 19:00:00,499.8,20.23,24.25,10.19,5.83,1,4.77,0.08,7.75,6.23,13.07
2020-05-21 20:00:00,550.09,27.22,24.39,9.31,25.0,1,5.9,4.55,29.73,0.78,73.07
2020-05-21 21:00:00,605.55,27.57,24.42,8.11,19.17,1,1.85,11.18,0.85,2.68,13.67
2020-05-21 22:00:00,537.4,23.93,22.85,7.97,0.0,1,9.82,34.0,14.15,2.93,73.67
2020-05-21 23:00:00,631.93,24.23,22.95,7.31,0.0,1,2.1,5.27,17.45,6.77,133.67
2020-05-22 00:00:00,624.97,26.5,23.22,6.97,0.0,1,8.08,42.75,29.92,2.38,193.67
2020-05-22 01:00:00,599.21,25.02,23.28,6.8,0.0,1,2.03,3.53,89.92,4.63,253.67
2020-05-22 02:00:00,556.43,22.22,23.28,7.05,0.0,1,3.0,46.52,149.92,2.88,313.67
2020-05-22 03:00:00,575.96,21.78,23.28,7.31,0.0,1,3.28,12.47,209.92,2.9,373.67
2020-05-22 04:00:00,570.38,20.68,23.28,8.37,6.17,1,0.25,4.42,269.92,2.15,36.58
2020-05-22 05:00:00,571.2,20.55,23.29,9.8,170.53,1,4.22,9.38,2.88,1.32,2.53
2020-05-22 06:00:00,527.56,20.4,23.68,11.11,593.55,1,7.18,2.18,0.33,1.25,0.15
2020-05-22 07:00:00,471.37,20.52,21.81,12.38,1224.29,1,45.33,5.13,4.8,0.88,2.12
2020-05-22 08:00:00,464.15,19.77,22.52,13.46,1042.61,1,45.3,1.6,0.43,0.47,0.23
2020-05-22 09:00:00,463.98,18.75,23.12,14.29,1045.96,1,12.25,0.73,35.92,2.58,1.2
2020-05-22 10:00:00,464.66,18.03,23.36,14.99,935.29,1,42.23,3.37,4.37,1.2,2.33
2020-05-22 11:00:00,467.36,17.12,23.18,15.26,604.05,1,29.17,1.15,6.15,2.35,0.3
2020-05-22 12:00:00,506.22,18.02,23.28,15.91,273.55,1,2.28,29.63,0.78,0.07,6.43
2020-05-22 13:00:00,476.47,18.0,24.04,16.62,148.82,0,3.25,89.63,27.27,0.98,9.38
2020-05-22 14:00:00,455.65,18.0,24.21,16.57,109.31,0,42.23,149.63,44.4,0.35,12.02
2020-05-22 15:00:00,456.96,17.4,24.24,15.03,80.18,0,102.23,32.7,1.0,0.02,2.65
2020-05-22 16:00:00,454.86,17.77,24.09,13.81,58.5,0,17.15,44.67,0.3,1.15,38.63
2020-05-22 17:00:00,505.48,20.78,23.79,12.68,42.0,1,5.27,8.6,8.6,2.12,0.73
2020-05-22 18:00:00,472.25,20.0,23.44,11.44,15.75,1,44.25,68.6,68.6,6.23,14.7
2020-05-22 19:00:00,461.02,20.12,23.49,10.05,0.0,0,6.18,6.68,1.52,3.58,74.7
2020-05-22 20:00:00,464.0,21.63,23.72,8.94,0.0,0,66.18,35.33,38.5,3.6,134.7
2020-05-22 21:00:00,464.0,23.57,23.72,8.23,0.0,0,126.18,3.6,23.78,21.1,194.7
2020-05-22 22:00:00,544.74,24.72,23.77,8.34,0.0,1,2.23,7.57,0.73,0.32,254.7
2020-05-22 23:00:00,492.13,22.38,24.07,8.82,0.0,1,4.2,2.7,18.7,10.1,314.7
2020-05-23 00:00:00,498.36,22.65,23.9,8.47,0.0,1,3.17,13.67,12.83,3.1,374.7
2020-05-23 01:00:00,480.04,23.03,23.8,8.08,0.0,1,9.13,16.63,72.83,26.93,434.7
2020-05-23 02:00:00,473.32,23.72,23.74,8.49,0.0,1,8.1,0.42,27.77,26.47,494.7
2020-05-23 03:00:00,474.23,24.03,23.68,8.89,0.0,1,32.23,41.4,87.77,3.2,554.7
2020-05-23 04:00:00,470.1,24.05,23.55,10.06,0.0,1,30.2,3.35,27.02,6.73,614.7
2020-05-23 05:00:00,466.88,24.0,23.36,10.31,0.0,1,90.2,63.35,20.82,7.02,674.7
2020-05-23 06:00:00,471.1,23.42,23.18,10.47,0.0,1,4.12,13.62,32.78,21.33,734.7
2020-05-23 07:00:00,470.05,23.02,22.92,10.38,52.8,1,2.08,54.6,3.9,7.85,35.23
2020-05-23 08:00:00,478.86,23.1,23.07,10.53,70.33,0,2.2,2.53,42.72,2.38,0.83
2020-05-23 09:00:00,478.92,23.03,23.12,10.71,68.77,1,0.17,44.52,14.67,7.85,24.98
2020-05-23 10:00:00,508.21,23.33,23.32,10.73,66.1,1,3.12,0.78,25.47,0.78,5.92
2020-05-23 11:00:00,559.27,24.1,23.33,10.34,49.67,1,0.58,4.25,10.25,8.58,55.92
2020-05-23 12:00:00,485.75,24.7,23.08,9.87,45.17,0,0.55,2.53,4.7,1.35,22.02
2020-05-23 13:00:00,510.89,27.17,23.24,8.07,35.83,1,21.52,0.0,44.53,3.22,3.63
2020-05-23 14:00:00,474.99,27.55,23.19,7.77,27.17,0,19.65,0.47,7.47,28.23,17.1
2020-05-23 15:00:00,499.82,29.23,23.18,7.82,19.0,1,1.6,0.08,5.43,4.82,77.1
2020-05-23 16:00:00,467.6,29.62,22.99,8.04,14.33,0,11.57,2.05,17.9,4.25,1.68
2020-05-23 17:00:00,552.66,33.58,23.13,7.89,1.0,1,1.52,1.18,2.68,4.73,35.83
2020-05-23 18:00:00,498.77,32.7,22.08,7.47,0.0,1,1.65,0.3,6.65,6.25,95.83
2020-05-23 19:00:00,469.53,32.33,22.2,7.8,0.0,0,1.62,0.43,1.45,20.92,155.83
2020-05-23 20:00:00,466.73,33.3,22.4,7.78,0.0,0,2.57,29.42,6.23,4.97,215.83
2020-05-23 21:00:00,468.67,33.77,22.52,7.96,0.0,0,50.57,8.53,66.23,5.45,275.83
2020-05-23 22:00:00,469.48,34.98,22.58,8.09,0.0,1,6.48,58.53,10.82,40.25,335.83
2020-05-23 23:00:00,472.08,35.33,22.74,8.04,0.0,1,44.48,0.45,70.82,8.93,395.83
2020-05-24 00:00:00,468.8,35.98,22.65,8.17,0.0,1,104.48,52.45,51.93,32.07,455.83
2020-05-24 01:00:00,467.89,36.02,22.67,8.07,0.0,0,51.57,40.4,17.88,35.33,515.83
2020-05-24 02:00:00,468.8,36.0,22.74,7.93,0.0,1,111.57,100.4,77.88,41.82,575.83
2020-05-24 03:00:00,470.56,36.0,22.74,8.18,0.0,1,39.48,160.4,137.88,0.3,635.83
2020-05-24 04:00:00,482.67,36.18,22.54,9.31,3.85,1,10.43,48.45,25.93,22.77,0.38
2020-05-24 05:00:00,470.66,35.4,22.74,10.4,81.19,1,5.55,35.9,0.05,0.65,1.85
2020-05-24 06:00:00,466.19,35.0,23.17,11.72,83.02,1,7.52,95.9,8.35,1.07,0.48
2020-05-24 07:00:00,461.71,34.32,23.65,12.28,83.69,0,4.48,36.0,14.32,4.18,1.43
2020-05-24 08:00:00,467.63,33.13,23.88,13.04,99.64,0,39.47,0.1,2.6,0.53,6.07
2020-05-24 09:00:00,465.45,30.75,24.2,14.39,120.23,0,12.4,2.4,15.07,0.23,4.53
2020-05-24 10:00:00,465.36,29.9,24.34,14.37,28.12,0,9.53,0.85,75.07,1.98,0.65
2020-05-24 11:00:00,503.09,31.93,24.42,14.8,33.35,1,7.5,1.98,48.52,0.37,8.12
2020-05-24 12:00:00,463.65,30.72,24.36,15.65,24.1,0,32.47,25.13,8.62,0.72,1.25
2020-05-24 13:00:00,461.47,29.92,24.21,15.52,18.5,0,17.42,3.42,12.58,0.0,54.73
2020-05-24 14:00:00,469.76,29.03,23.97,15.46,19.17,0,77.42,40.4,26.05,0.27,4.33
2020-05-24 15:00:00,468.13,29.0,23.9,15.07,3.0,0,0.5,100.4,86.05,1.3,9.8
2020-05-24 16:00:00,468.17,33.33,22.21,13.95,52.37,1,0.47,2.45,9.12,1.77,24.93
2020-05-24 17:00:00,512.6,35.1,22.01,12.9,30.17,1,1.42,0.58,0.08,2.98,2.88
2020-05-24 18:00:00,544.23,34.7,23.32,11.43,9.92,1,5.38,0.05,3.88,0.62,22.03
2020-05-24 19:00:00,543.23,34.77,23.79,10.85,0.0,1,0.5,0.83,44.87,1.03,82.03
2020-05-24 20:00:00,505.99,34.28,23.3,10.15,0.0,1,4.47,18.65,7.47,1.75,142.03
2020-05-24 21:00:00,476.51,33.72,23.33,9.28,0.0,1,41.45,42.12,6.6,1.7,202.03
2020-05-24 22:00:00,514.71,36.02,23.3,8.7,0.0,1,11.4,38.58,34.58,14.28,262.03
2020-05-24 23:00:00,566.69,37.23,23.11,8.02,0.0,0,1.37,4.87,2.35,7.08,322.03
2020-05-25 00:00:00,601.97,37.22,23.31,7.3,0.0,1,15.67,27.83,48.02,2.87,382.03
2020-05-25 01:00:00,564.91,36.78,23.34,6.58,0.0,1,0.62,10.28,108.02,2.43,442.03
2020-05-25 02:00:00,623.61,37.13,23.4,6.35,0.0,1,3.92,0.58,36.1,0.47,502.03
2020-05-25 03:00:00,608.06,36.27,23.54,6.59,0.0,1,11.22,43.07,57.07,5.63,562.03
2020-05-25 04:00:00,576.1,36.0,23.54,7.05,9.23,1,20.18,103.07,117.07,0.28,22.98
2020-05-25 05:00:00,559.23,36.25,23.65,7.71,61.89,1,5.13,0.28,1.45,4.25,1.6
2020-05-25 06:00:00,526.68,40.18,23.68,9.2,764.45,1,3.92,7.08,1.25,4.75,0.05
2020-05-25 07:00:00,475.24,37.02,24.08,11.68,907.54,0,11.9,17.07,0.22,0.5,2.18
2020-05-25 08:00:00,453.55,34.37,25.64,13.1,743.09,0,33.87,0.35,3.02,4.75,1.15
2020-05-25 09:00:00,442.88,29.98,26.57,14.6,602.87,0,7.82,17.32,10.82,1.22,0.28
2020-05-25 10:00:00,444.51,28.13,27.0,15.55,358.81,0,2.95,49.3,40.97,0.32,1.73
2020-05-25 11:00:00,451.93,28.0,26.98,15.7,176.47,0,23.92,109.3,11.73,2.15,0.87
2020-05-25 12:00:00,465.49,28.42,26.68,16.0,111.65,0,43.9,23.38,11.7,0.48,0.33
2020-05-25 13:00:00,462.72,29.0,26.39,16.42,118.04,0,103.9,83.38,4.67,0.12,0.45
2020-05-25 14:00:00,459.55,29.78,26.11,17.14,106.07,0,12.8,19.3,0.28,0.12,0.92
2020-05-25 15:00:00,469.23,30.92,25.64,17.38,86.92,1,4.93,11.77,3.25,0.73,7.05
2020-05-25 16:00:00,542.36,33.0,25.38,15.87,47.07,1,0.05,71.77,63.25,0.77,26.02
2020-05-25 17:00:00,477.64,31.93,25.26,15.62,33.83,0,6.02,12.02,21.18,6.23,5.65
2020-05-25 18:00:00,457.32,32.87,25.04,15.04,13.97,0,21.17,22.33,15.65,7.18,15.12
2020-05-25 19:00:00,452.46,32.87,24.83,14.43,0.0,0,16.12,18.28,19.62,5.98,75.12
2020-05-25 20:00:00,539.14,34.08,24.8,13.2,0.0,1,6.08,12.75,4.73,4.22,135.12
2020-05-25 21:00:00,620.27,34.78,24.74,12.37,0.0,1,3.03,8.7,10.37,11.73,195.12
2020-05-25 22:00:00,492.15,34.42,24.2,11.71,0.0,1,0.0,24.83,9.15,14.92,255.12
2020-05-25 23:00:00,578.44,35.02,24.06,10.85,0.0,1,24.3,46.82,39.13,4.28,315.12
2020-05-26 00:00:00,607.51,34.42,24.14,10.45,0.0,1,15.6,34.77,21.43,1.63,375.12
2020-05-26 01:00:00,498.92,33.08,24.42,9.14,0.0,1,15.55,54.92,0.37,4.85,435.12
2020-05-26 02:00:00,480.62,33.0,24.1,8.41,0.0,1,57.55,114.92,8.17,0.85,495.12
2020-05-26 03:00:00,476.82,33.0,23.83,9.2,0.0,1,2.48,174.92,51.17,1.3,555.12
2020-05-26 04:00:00,499.9,34.12,23.61,10.7,0.0,1,23.62,48.47,38.95,2.48,615.12
2020-05-26 05:00:00,480.0,34.0,23.62,12.72,83.03,1,83.62,108.47,8.9,3.32,2.18
2020-05-26 06:00:00,475.56,32.88,24.15,14.78,87.17,0,25.55,2.7,1.37,0.22,6.15
2020-05-26 07:00:00,465.46,31.12,24.88,16.31,532.31,0,8.5,4.48,6.65,1.0,1.28
2020-05-26 08:00:00,457.92,30.8,25.07,17.43,1272.94,1,68.5,4.45,9.95,0.48,0.4
2020-05-26 09:00:00,459.85,29.43,25.67,18.35,1353.58,1,18.58,15.92,19.58,3.72,1.87
2020-05-26 10:00:00,456.0,27.88,26.2,19.2,1311.47,1,31.57,5.37,10.03,0.75,0.5
2020-05-26 11:00:00,457.92,25.7,26.68,19.78,612.91,1,91.57,33.52,7.83,3.53,3.45
2020-05-26 12:00:00,457.92,26.3,27.26,20.99,305.73,1,151.57,5.47,31.63,0.9,5.58
2020-05-26 13:00:00,518.45,27.65,27.14,21.31,65.06,1,2.43,36.45,3.58,0.38,39.57
2020-05-26 14:00:00,531.83,27.6,26.94,20.31,0.0,1,14.73,22.4,29.57,0.27,99.57
2020-05-26 15:00:00,511.27,28.32,26.76,20.41,52.93,1,0.18,4.68,3.67,2.57,3.63
2020-05-26 16:00:00,472.78,28.02,26.46,19.53,49.37,0,9.98,54.68,15.15,9.15,0.27
2020-05-26 17:00:00,456.0,28.0,26.28,18.62,26.67,0,69.98,114.68,12.77,0.93,19.73
2020-05-26 18:00:00,456.0,28.05,26.06,16.63,4.33,0,129.98,16.73,4.05,8.18,44.72
2020-05-26 19:00:00,468.82,28.35,26.03,15.65,0.0,1,8.03,5.68,12.02,2.1,104.72
2020-05-26 20:00:00,521.79,29.98,25.67,15.03,0.0,1,0.98,9.65,0.13,4.73,164.72
2020-05-26 21:00:00,503.63,30.6,24.91,14.5,0.0,1,2.95,13.95,0.27,4.6,224.72
2020-05-26 22:00:00,560.85,32.63,24.45,14.57,0.0,1,0.23,5.4,3.88,6.47,284.72
2020-05-26 23:00:00,478.56,30.0,24.7,14.0,0.0,1,14.7,65.4,5.85,1.38,344.72
2020-05-27 00:00:00,471.79,30.02,24.53,13.17,0.0,1,26.68,11.33,18.82,2.32,404.72
2020-05-27 01:00:00,468.8,30.08,24.34,12.14,0.0,1,86.68,2.45,0.27,2.2,464.72
2020-05-27 02:00:00,468.8,30.23,24.33,11.7,0.0,1,146.68,5.42,14.25,12.5,524.72
2020-05-27 03:00:00,467.11,31.03,24.22,11.93,0.0,1,43.73,2.03,56.23,12.25,584.72
2020-05-27 04:00:00,474.07,31.2,24.05,11.94,0.0,1,16.68,5.68,36.35,2.25,644.72
2020-05-27 05:00:00,472.93,31.33,24.06,12.07,0.0,1,12.65,0.8,36.82,3.57,704.72
2020-05-27 06:00:00,473.58,32.85,24.15,12.82,61.66,1,33.62,42.3,27.27,2.93,0.4
2020-05-27 07:00:00,465.92,33.3,24.34,14.01,64.05,1,93.62,5.07,6.72,2.13,0.85
2020-05-27 08:00:00,458.83,33.9,24.72,15.26,60.72,1,37.72,8.37,22.53,0.23,31.5
2020-05-27 09:00:00,460.86,34.1,25.11,16.37,80.13,1,1.65,24.33,17.98,3.05,4.45
2020-05-27 10:00:00,461.72,34.0,25.48,17.5,55.58,1,18.62,84.33,25.78,0.38,6.08
2020-05-27 11:00:00,454.72,33.13,25.66,18.31,42.12,0,78.62,0.08,49.92,0.12,6.53
2020-05-27 12:00:00,454.27,31.63,25.7,19.3,34.0,0,16.72,27.55,8.03,0.12,66.53
2020-05-27 13:00:00,452.78,31.95,25.7,18.5,24.03,0,19.68,1.5,17.0,1.07,45.15
2020-05-27 14:00:00,449.49,34.02,25.49,13.61,1.9,0,19.63,0.78,2.45,1.75,2.25
2020-05-27 15:00:00,464.5,34.87,25.34,10.58,71.41,1,1.58,0.08,62.45,1.25,5.38
2020-05-27 16:00:00,482.87,37.0,25.34,10.37,34.65,1,16.57,0.88,122.45,6.52,0.35
2020-05-27 17:00:00,492.41,35.52,25.24,10.24,49.83,1,33.7,17.85,1.67,26.22,24.82
2020-05-27 18:00:00,487.06,35.37,24.99,10.14,24.33,1,9.65,1.8,18.13,11.32,41.47
2020-05-27 19:00:00,489.63,35.8,24.92,9.49,2.53,1,6.6,20.78,78.13,5.72,48.43
2020-05-27 20:00:00,495.26,36.0,24.79,9.43,0.0,1,23.58,80.78,1.88,10.37,108.43
2020-05-27 21:00:00,493.25,36.0,24.31,9.41,0.0,1,2.53,140.78,13.53,10.82,168.43
2020-05-27 22:00:00,491.66,36.0,23.9,9.1,0.0,1,17.67,200.78,13.15,15.03,228.43
2020-05-27 23:00:00,537.17,36.53,23.8,8.92,0.0,1,8.28,30.8,15.12,8.02,288.43
2020-05-28 00:00:00,563.55,36.98,23.68,8.5,0.0,1,33.27,0.73,50.27,2.9,348.43
2020-05-28 01:00:00,567.25,35.82,23.59,8.03,0.0,1,0.37,14.72,41.88,0.05,408.43
2020-05-28 02:00:00,620.45,34.65,23.69,7.44,0.0,1,7.5,12.33,30.02,36.37,468.43
2020-05-28 03:00:00,578.61,33.03,23.76,7.9,0.0,1,1.63,57.33,90.02,2.55,528.43
2020-05-28 04:00:00,553.24,31.8,23.63,8.87,0.0,1,7.6,16.77,19.93,2.82,588.43
2020-05-28 05:00:00,549.8,30.65,23.56,9.69,0.0,1,27.57,20.73,79.93,2.22,648.43
2020-05-28 06:00:00,581.86,30.03,23.92,10.66,8.27,1,29.53,30.7,3.67,1.17,15.98
2020-05-28 07:00:00,578.9,28.88,25.05,11.73,33.13,1,17.48,0.97,8.47,1.93,3.1
2020-05-28 08:00:00,537.18,28.85,25.37,12.4,94.05,1,13.28,8.77,4.43,0.47,7.57
2020-05-28 09:00:00,458.44,28.38,25.61,13.17,547.11,1,10.25,0.57,25.07,1.05,0.7
2020-05-28 10:00:00,451.84,26.32,25.61,14.11,512.68,1,70.25,1.02,39.22,0.23,0.17
2020-05-28 11:00:00,455.61,26.02,25.52,14.38,223.7,0,1.33,1.15,0.65,0.23,1.78
2020-05-28 12:00:00,467.75,24.8,25.11,15.13,219.21,1,3.28,0.45,8.12,1.6,0.25
2020-05-28 13:00:00,470.27,24.73,24.84,15.29,142.9,0,56.28,1.4,19.42,1.1,4.38
2020-05-28 14:00:00,470.94,24.8,24.57,15.61,112.98,0,0.22,5.03,29.22,0.55,2.83
2020-05-28 15:00:00,463.35,24.72,24.43,14.86,74.42,0,10.35,0.0,13.33,5.0,28.48
2020-05-28 16:00:00,462.31,24.4,24.19,14.93,51.5,0,41.32,16.13,27.63,2.57,26.43
2020-05-28 17:00:00,453.13,24.43,23.97,14.58,40.5,1,1.25,25.27,7.58,9.65,1.05
2020-05-28 18:00:00,482.43,27.22,23.75,12.9,18.97,1,13.23,6.38,1.37,0.97,6.52
2020-05-28 19:00:00,491.59,28.78,23.46,10.94,0.0,1,12.18,2.5,16.33,1.45,66.52
2020-05-28 20:00:00,619.75,34.22,23.45,9.95,0.0,1,1.48,1.63,0.63,0.73,126.52
2020-05-28 21:00:00,683.98,34.85,23.7,9.51,0.0,1,0.95,2.77,5.6,3.27,186.52
2020-05-28 22:00:00,668.68,34.8,23.76,8.97,0.0,1,0.07,6.4,8.55,9.93,246.52
2020-05-28 23:00:00,605.84,34.53,23.64,9.03,0.0,1,16.05,29.38,10.52,13.95,306.52
2020-05-29 00:00:00,598.74,35.0,23.87,9.08,0.0,1,12.0,3.48,46.68,0.23,366.52
2020-05-29 01:00:00,563.87,35.0,23.75,8.28,0.0,1,4.47,63.48,28.63,10.95,426.52
2020-05-29 02:00:00,577.09,34.47,23.65,7.55,0.0,1,4.42,31.43,19.58,13.45,486.52
2020-05-29 03:00:00,640.25,33.85,23.66,7.87,0.0,1,1.22,1.37,47.57,4.68,546.52
2020-05-29 04:00:00,585.23,31.73,23.64,8.78,5.78,1,25.18,35.18,21.5,12.95,3.63
2020-05-29 05:00:00,605.38,32.18,23.76,10.0,198.25,1,0.13,4.47,4.63,3.85,0.1
2020-05-29 06:00:00,490.93,29.08,24.43,11.72,214.76,1,9.93,11.6,9.08,1.38,1.73
2020-05-29 07:00:00,456.16,27.52,25.02,12.62,105.95,0,14.9,27.07,5.38,0.42,2.18
2020-05-29 08:00:00,458.88,27.0,25.44,13.1,106.14,0,74.9,87.07,5.85,0.25,4.82
2020-05-29 09:00:00,473.64,25.2,25.96,14.2,105.7,0,0.98,12.32,6.8,0.45,1.28
2020-05-29 10:00:00,474.29,24.92,26.17,14.83,66.72,0,25.97,13.45,25.28,0.12,21.92
2020-05-29 11:00:00,459.13,24.82,26.23,15.26,47.0,1,0.92,0.57,41.25,0.88,81.92
2020-05-29 12:00:00,466.99,26.5,26.05,15.97,44.92,1,15.88,0.03,25.7,0.05,0.0
2020-05-29 13:00:00,470.25,24.73,25.63,17.18,37.57,1,11.85,43.18,24.5,0.08,9.97
2020-05-29 14:00:00,462.68,25.2,25.35,17.35,20.18,1,1.97,1.78,1.95,1.75,22.08
2020-05-29 15:00:00,506.29,26.2,24.77,16.7,0.25,1,11.93,27.1,1.73,1.58,56.58
2020-05-29 16:00:00,537.42,26.0,24.98,16.2,0.0,1,9.88,16.05,5.03,10.92,116.58
2020-05-29 17:00:00,471.93,25.0,24.74,15.73,0.0,0,33.87,76.05,15.0,5.68,176.58
2020-05-29 18:00:00,453.42,26.97,24.55,15.27,0.0,0,5.97,58.67,4.47,6.2,236.58
2020-05-29 19:00:00,449.62,27.77,24.38,13.97,0.0,0,1.93,10.6,3.25,8.78,296.58
2020-05-29 20:00:00,461.21,29.78,24.18,12.75,0.0,0,20.9,46.58,4.22,4.05,356.58
2020-05-29 21:00:00,464.06,31.08,23.89,11.93,0.0,0,0.85,6.02,7.5,5.03,416.58
2020-05-29 22:00:00,581.03,33.0,23.84,10.9,0.0,1,11.32,66.02,50.5,5.72,476.58
2020-05-29 23:00:00,573.92,33.97,23.89,10.31,0.0,1,27.47,52.13,14.43,21.67,536.58
2020-05-30 00:00:00,600.48,35.22,24.02,9.71,0.0,1,1.4,0.23,2.72,1.52,596.58
2020-05-30 01:00:00,615.21,35.25,23.88,9.4,0.0,1,11.37,1.35,24.53,12.58,656.58
2020-05-30 02:00:00,590.18,32.48,23.84,9.35,0.0,1,24.35,19.33,9.48,2.25,716.58
2020-05-30 03:00:00,589.34,31.0,23.86,10.12,0.0,1,17.3,79.33,6.45,9.83,776.58
2020-05-30 04:00:00,581.8,31.33,23.69,10.45,0.0,1,9.42,9.75,13.25,6.13,836.58
2020-05-30 05:00:00,593.51,33.05,23.54,10.99,0.0,1,6.38,0.72,2.7,0.57,896.58
2020-05-30 06:00:00,574.32,33.67,23.84,11.92,10.25,1,8.35,6.85,2.17,3.33,0.8
2020-05-30 07:00:00,540.61,34.62,23.87,13.0,114.3,1,13.32,17.98,30.15,0.62,0.43
2020-05-30 08:00:00,533.31,34.87,23.99,14.43,301.57,1,4.27,0.27,0.92,1.55,1.9
2020-05-30 09:00:00,484.35,32.6,24.54,15.62,300.72,1,17.58,7.23,43.75,0.12,0.02
2020-05-30 10:00:00,461.56,34.58,24.74,16.75,261.8,0,20.53,11.18,14.35,0.5,0.98
2020-05-30 11:00:00,451.84,33.42,24.98,17.41,217.42,0,80.53,30.0,46.5,0.28,0.12
2020-05-30 12:00:00,457.35,32.1,25.03,17.95,135.64,1,3.62,6.93,7.43,1.97,9.08
2020-05-30 13:00:00,472.91,30.98,24.9,18.1,73.6,0,14.58,14.07,46.58,3.12,0.7
2020-05-30 14:00:00,461.59,30.68,24.83,17.84,54.33,1,12.55,9.03,17.7,0.22,15.67
2020-05-30 15:00:00,465.96,30.03,24.82,16.88,40.83,1,23.52,55.02,25.67,0.47,36.65
2020-05-30 16:00:00,485.95,29.88,24.63,15.79,32.33,1,3.62,36.3,4.12,1.32,27.27
2020-05-30 17:00:00,476.39,30.63,24.26,14.94,27.0,0,9.58,0.23,0.4,3.55,87.27
2020-05-30 18:00:00,461.76,30.0,24.03,13.76,19.33,0,69.58,60.23,6.2,4.88,45.87
2020-05-30 19:00:00,497.19,30.95,23.97,12.5,0.0,1,15.52,20.68,43.85,7.98,59.85
2020-05-30 20:00:00,502.71,29.98,23.86,11.28,0.0,1,3.47,23.47,33.82,1.48,119.85
2020-05-30 21:00:00,609.94,29.92,23.9,10.18,0.0,1,6.1,42.45,17.93,2.95,179.85
2020-05-30 22:00:00,600.46,30.03,23.93,9.44,0.0,1,1.07,33.9,19.4,4.6,239.85
2020-05-30 23:00:00,575.84,30.45,23.73,8.85,0.0,1,17.03,25.03,53.38,13.75,299.85
2020-05-31 00:00:00,576.2,31.0,23.72,8.54,0.0,1,5.0,85.03,113.38,19.67,359.85
2020-05-31 01:00:00,573.05,31.0,23.72,8.13,0.0,1,0.95,145.03,173.38,21.1,419.85
2020-05-31 02:00:00,566.17,31.03,23.72,7.92,0.0,0,0.08,0.73,233.38,0.03,479.85
2020-05-31 03:00:00,566.2,32.87,23.72,8.48,0.0,1,5.05,15.7,293.38,4.43,539.85
2020-05-31 04:00:00,564.59,33.0,23.65,9.95,0.0,1,18.02,75.7,4.33,0.83,599.85
2020-05-31 05:00:00,559.75,33.68,23.43,12.01,2.5,1,1.97,40.65,2.28,4.43,18.93
2020-05-31 06:00:00,571.54,34.18,23.8,13.86,0.0,1,0.93,19.27,2.42,0.68,78.93
2020-05-31 07:00:00,590.35,38.03,25.09,15.83,37.25,1,0.05,1.22,1.03,0.1,2.02
2020-05-31 08:00:00,476.0,30.67,26.05,17.66,157.36,1,21.03,0.67,10.35,1.48,2.15
2020-05-31 09:00:00,451.73,28.55,26.34,18.82,137.74,1,27.0,2.47,13.3,1.47,5.6
2020-05-31 10:00:00,453.02,27.87,26.61,19.31,109.83,1,1.93,2.43,10.27,0.03,6.73
2020-05-31 11:00:00,449.65,26.6,26.47,19.74,85.67,1,25.92,2.22,14.4,2.18,12.7
2020-05-31 12:00:00,461.76,25.05,26.18,20.45,60.75,1,26.03,17.2,25.03,4.75,4.32
2020-05-31 13:00:00,465.02,24.82,25.85,20.87,38.17,1,2.98,3.15,43.5,0.6,28.8
2020-05-31 14:00:00,453.73,24.9,25.64,21.07,29.0,0,44.98,22.95,17.12,1.5,23.42
2020-05-31 15:00:00,449.92,24.83,25.35,20.25,23.0,0,104.98,0.9,34.58,2.4,83.42
2020-05-31 16:00:00,462.25,24.5,25.25,19.28,39.1,1,6.87,18.87,10.53,9.7,45.87
2020-05-31 17:00:00,459.38,25.0,25.25,18.46,38.33,1,21.02,78.87,4.48,7.95,33.98
2020-05-31 18:00:00,458.41,25.03,25.16,17.17,23.0,1,6.97,35.82,64.48,3.05,11.1
2020-05-31 19:00:00,456.66,25.0,25.01,15.68,5.07,1,42.95,95.82,2.58,2.37,33.07
2020-05-31 20:00:00,452.93,25.0,24.7,14.37,0.0,1,15.9,155.82,5.05,2.43,93.07
2020-05-31 21:00:00,461.16,25.0,24.41,13.42,0.0,1,1.87,215.82,0.35,4.93,153.07
2020-05-31 22:00:00,483.25,26.33,24.14,12.69,0.35,1,2.98,5.82,2.8,9.12,2.28
2020-05-31 23:00:00,541.57,29.22,23.65,11.87,3.83,1,6.45,4.1,6.77,0.37,49.77
